finding_id,attack_class,severity,status,file,line,symbol,description,evidence,next_attack
RT-135,Initialization replay,CRITICAL,PLANNED — ADVERSARIAL TEST,programs/treasury-router/src/lib.rs,19,initialize,Public instruction `initialize` is an externally reachable attack surface.,pub fn initialize(...),"Call twice; call out of order; race two transactions; supply alternate PDA, wrong authority, wrong linked accounts."
RT-136,Initialization replay,CRITICAL,PLANNED — ADVERSARIAL TEST,programs/treasury-router/src/lib.rs,23,initialize_protocol_config,Public instruction `initialize_protocol_config` is an externally reachable attack surface.,pub fn initialize_protocol_config(...),"Call twice; call out of order; race two transactions; supply alternate PDA, wrong authority, wrong linked accounts."
RT-137,Initialization replay,CRITICAL,PLANNED — ADVERSARIAL TEST,programs/treasury-router/src/lib.rs,27,initialize_founder,Public instruction `initialize_founder` is an externally reachable attack surface.,pub fn initialize_founder(...),"Call twice; call out of order; race two transactions; supply alternate PDA, wrong authority, wrong linked accounts."
RT-138,Initialization replay,CRITICAL,PLANNED — ADVERSARIAL TEST,programs/treasury-router/src/lib.rs,36,initialize_company,Public instruction `initialize_company` is an externally reachable attack surface.,pub fn initialize_company(...),"Call twice; call out of order; race two transactions; supply alternate PDA, wrong authority, wrong linked accounts."
RT-139,Initialization replay,CRITICAL,PLANNED — ADVERSARIAL TEST,programs/treasury-router/src/lib.rs,45,initialize_treasury,Public instruction `initialize_treasury` is an externally reachable attack surface.,pub fn initialize_treasury(...),"Call twice; call out of order; race two transactions; supply alternate PDA, wrong authority, wrong linked accounts."
RT-140,Initialization replay,CRITICAL,PLANNED — ADVERSARIAL TEST,programs/treasury-router/src/lib.rs,49,initialize_execution_config,Public instruction `initialize_execution_config` is an externally reachable attack surface.,pub fn initialize_execution_config(...),"Call twice; call out of order; race two transactions; supply alternate PDA, wrong authority, wrong linked accounts."
RT-142,Accounting corruption,CRITICAL,PLANNED — ADVERSARIAL TEST,programs/treasury-router/src/lib.rs,57,process_fees,Public instruction `process_fees` is an externally reachable attack surface.,pub fn process_fees(...),Corrupt every bucket independently; overflow totals; repeat processing; manipulate timestamps and caps.
RT-143,Treasury release theft,CRITICAL,PLANNED — ADVERSARIAL TEST,programs/treasury-router/src/lib.rs,61,authorize_reserve_execution,Public instruction `authorize_reserve_execution` is an externally reachable attack surface.,pub fn authorize_reserve_execution(...),"Supply fake destinations, duplicate accounts, wrong mint, wrong vault, corrupt accounting, paused state, excessive release."
RT-144,Treasury release theft,CRITICAL,PLANNED — ADVERSARIAL TEST,programs/treasury-router/src/lib.rs,65,authorize_buyback_execution,Public instruction `authorize_buyback_execution` is an externally reachable attack surface.,pub fn authorize_buyback_execution(...),"Supply fake destinations, duplicate accounts, wrong mint, wrong vault, corrupt accounting, paused state, excessive release."
RT-145,Treasury release theft,CRITICAL,PLANNED — ADVERSARIAL TEST,programs/treasury-router/src/lib.rs,69,authorize_liquidity_execution,Public instruction `authorize_liquidity_execution` is an externally reachable attack surface.,pub fn authorize_liquidity_execution(...),"Supply fake destinations, duplicate accounts, wrong mint, wrong vault, corrupt accounting, paused state, excessive release."
RT-146,Treasury release theft,CRITICAL,PLANNED — ADVERSARIAL TEST,programs/treasury-router/src/lib.rs,73,authorize_founder_execution,Public instruction `authorize_founder_execution` is an externally reachable attack surface.,pub fn authorize_founder_execution(...),"Supply fake destinations, duplicate accounts, wrong mint, wrong vault, corrupt accounting, paused state, excessive release."
RT-147,Treasury release theft,CRITICAL,PLANNED — ADVERSARIAL TEST,programs/treasury-router/src/lib.rs,77,authorize_company_execution,Public instruction `authorize_company_execution` is an externally reachable attack surface.,pub fn authorize_company_execution(...),"Supply fake destinations, duplicate accounts, wrong mint, wrong vault, corrupt accounting, paused state, excessive release."
RT-141,Deposit substitution,HIGH,PLANNED — ADVERSARIAL TEST,programs/treasury-router/src/lib.rs,53,deposit_settlement,Public instruction `deposit_settlement` is an externally reachable attack surface.,pub fn deposit_settlement(...),"Supply wrong mint, wrong owner, wrong source authority, fake vault, zero amount, maximum amount."
RT-001,Arithmetic review,MEDIUM,OPEN — MANUAL REVIEW,programs/treasury-router/src/constants.rs,4,unchecked minus,Potential unchecked arithmetic expression detected.,/// On-chain Beavernomics configuration PDA.,"Test maximum values, zero values, rounding, and overflow behavior."
RT-002,Arithmetic review,MEDIUM,OPEN — MANUAL REVIEW,programs/treasury-router/src/constants.rs,5,unchecked minus,Potential unchecked arithmetic expression detected.,"pub const PROTOCOL_CONFIG_SEED: &[u8] = b""protocol-config"";","Test maximum values, zero values, rounding, and overflow behavior."
RT-003,Arithmetic review,MEDIUM,OPEN — MANUAL REVIEW,programs/treasury-router/src/constants.rs,10,unchecked minus,Potential unchecked arithmetic expression detected.,/// Treasury SPL settlement-token vault PDA.,"Test maximum values, zero values, rounding, and overflow behavior."
RT-004,Arithmetic review,MEDIUM,OPEN — MANUAL REVIEW,programs/treasury-router/src/constants.rs,11,unchecked minus,Potential unchecked arithmetic expression detected.,"pub const TREASURY_VAULT_SEED: &[u8] = b""treasury-vault"";","Test maximum values, zero values, rounding, and overflow behavior."
RT-005,Arithmetic review,MEDIUM,OPEN — MANUAL REVIEW,programs/treasury-router/src/constants.rs,14,unchecked minus,Potential unchecked arithmetic expression detected.,"pub const FOUNDER_STATE_SEED: &[u8] = b""founder-state"";","Test maximum values, zero values, rounding, and overflow behavior."
RT-006,Arithmetic review,MEDIUM,OPEN — MANUAL REVIEW,programs/treasury-router/src/constants.rs,17,unchecked minus,Potential unchecked arithmetic expression detected.,"pub const COMPANY_STATE_SEED: &[u8] = b""company-state"";","Test maximum values, zero values, rounding, and overflow behavior."
RT-007,Arithmetic review,MEDIUM,OPEN — MANUAL REVIEW,programs/treasury-router/src/constants.rs,20,unchecked minus,Potential unchecked arithmetic expression detected.,"pub const EXECUTION_CONFIG_SEED: &[u8] = b""execution-config"";","Test maximum values, zero values, rounding, and overflow behavior."
RT-008,Arithmetic review,MEDIUM,OPEN — MANUAL REVIEW,programs/treasury-router/src/constants.rs,22,unchecked minus,Potential unchecked arithmetic expression detected.,/// Current on-chain state versions.,"Test maximum values, zero values, rounding, and overflow behavior."
RT-009,Arithmetic review,MEDIUM,OPEN — MANUAL REVIEW,programs/treasury-router/src/engines/beaver_score.rs,47,unchecked plus,Potential unchecked arithmetic expression detected.,WATERFALL_MAX_POINTS + RESERVE_MAX_POINTS + ACCOUNTING_MAX_POINTS;,"Test maximum values, zero values, rounding, and overflow behavior."
RT-010,Arithmetic review,MEDIUM,OPEN — MANUAL REVIEW,programs/treasury-router/src/engines/beaver_score.rs,165,unchecked plus,Potential unchecked arithmetic expression detected.,integrity_points + activity_points,"Test maximum values, zero values, rounding, and overflow behavior."
RT-012,Arithmetic review,MEDIUM,OPEN — MANUAL REVIEW,programs/treasury-router/src/engines/buyback.rs,7,unchecked minus,Potential unchecked arithmetic expression detected.,/// Amount credited to the pending buyback-and-burn bucket.,"Test maximum values, zero values, rounding, and overflow behavior."
RT-013,Arithmetic review,MEDIUM,OPEN — MANUAL REVIEW,programs/treasury-router/src/engines/buyback.rs,10,unchecked minus,Potential unchecked arithmetic expression detected.,/// Updated pending buyback-and-burn balance.,"Test maximum values, zero values, rounding, and overflow behavior."
RT-014,Arithmetic review,MEDIUM,OPEN — MANUAL REVIEW,programs/treasury-router/src/engines/buyback.rs,13,unchecked minus,Potential unchecked arithmetic expression detected.,/// Updated lifetime buyback-and-burn allocation.,"Test maximum values, zero values, rounding, and overflow behavior."
RT-015,Arithmetic review,MEDIUM,OPEN — MANUAL REVIEW,programs/treasury-router/src/engines/buyback.rs,17,unchecked minus,Potential unchecked arithmetic expression detected.,/// Credits a buyback-and-burn allocation to TreasuryState.,"Test maximum values, zero values, rounding, and overflow behavior."
RT-016,Arithmetic review,MEDIUM,OPEN — MANUAL REVIEW,programs/treasury-router/src/engines/company.rs,45,unchecked minus,Potential unchecked arithmetic expression detected.,// Automatic accounting-period reset,"Test maximum values, zero values, rounding, and overflow behavior."
RT-017,Arithmetic review,MEDIUM,OPEN — MANUAL REVIEW,programs/treasury-router/src/engines/dam.rs,6,unchecked minus,Potential unchecked arithmetic expression detected.,/// of the on-chain interface. Do not reorder them without a state migration.,"Test maximum values, zero values, rounding, and overflow behavior."
RT-018,Arithmetic review,MEDIUM,OPEN — MANUAL REVIEW,programs/treasury-router/src/engines/dam.rs,41,unchecked minus,Potential unchecked arithmetic expression detected.,/// Maximum capital-release rate associated with this Dam level.,"Test maximum values, zero values, rounding, and overflow behavior."
RT-019,Arithmetic review,MEDIUM,OPEN — MANUAL REVIEW,programs/treasury-router/src/engines/dam.rs,70,unchecked minus,Potential unchecked arithmetic expression detected.,/// Dam v1 uses a deterministic one-to-one mapping:,"Test maximum values, zero values, rounding, and overflow behavior."
RT-020,Arithmetic review,MEDIUM,OPEN — MANUAL REVIEW,programs/treasury-router/src/engines/dam.rs,81,unchecked minus,Potential unchecked arithmetic expression detected.,/// Evaluates the Dam using the Waterfall stage and the non-circular,"Test maximum values, zero values, rounding, and overflow behavior."
RT-021,Arithmetic review,MEDIUM,OPEN — MANUAL REVIEW,programs/treasury-router/src/engines/dam.rs,82,unchecked minus,Potential unchecked arithmetic expression detected.,/// Pre-Dam Health Score.,"Test maximum values, zero values, rounding, and overflow behavior."
RT-022,Arithmetic review,MEDIUM,OPEN — MANUAL REVIEW,programs/treasury-router/src/engines/dam.rs,84,unchecked minus,Potential unchecked arithmetic expression detected.,/// The Waterfall establishes the least-permissive baseline required by,"Test maximum values, zero values, rounding, and overflow behavior."
RT-024,Arithmetic review,MEDIUM,OPEN — MANUAL REVIEW,programs/treasury-router/src/engines/execution_guard.rs,23,unchecked minus,Potential unchecked arithmetic expression detected.,/// Result returned by the central execution-security gate.,"Test maximum values, zero values, rounding, and overflow behavior."
RT-025,Arithmetic review,MEDIUM,OPEN — MANUAL REVIEW,programs/treasury-router/src/engines/execution_guard.rs,38,unchecked minus,Potential unchecked arithmetic expression detected.,/// protocol-to-treasury linkage must be enforced by the Anchor instruction,"Test maximum values, zero values, rounding, and overflow behavior."
RT-026,Arithmetic review,MEDIUM,OPEN — MANUAL REVIEW,programs/treasury-router/src/engines/execution_guard.rs,114,unchecked minus,Potential unchecked arithmetic expression detected.,/// on-chain security system.,"Test maximum values, zero values, rounding, and overflow behavior."
RT-028,Arithmetic review,MEDIUM,OPEN — MANUAL REVIEW,programs/treasury-router/src/engines/founder.rs,45,unchecked minus,Potential unchecked arithmetic expression detected.,// Automatic accounting-period reset,"Test maximum values, zero values, rounding, and overflow behavior."
RT-030,Arithmetic review,MEDIUM,OPEN — MANUAL REVIEW,programs/treasury-router/src/engines/integrity_firewall.rs,71,unchecked minus,Potential unchecked arithmetic expression detected.,/// Read-only SPL token-account facts supplied to the firewall.,"Test maximum values, zero values, rounding, and overflow behavior."
RT-031,Arithmetic review,MEDIUM,OPEN — MANUAL REVIEW,programs/treasury-router/src/engines/integrity_firewall.rs,71,unchecked minus,Potential unchecked arithmetic expression detected.,/// Read-only SPL token-account facts supplied to the firewall.,"Test maximum values, zero values, rounding, and overflow behavior."
RT-032,Arithmetic review,MEDIUM,OPEN — MANUAL REVIEW,programs/treasury-router/src/engines/integrity_firewall.rs,103,unchecked minus,Potential unchecked arithmetic expression detected.,/// Read-only Integrity Firewall report.,"Test maximum values, zero values, rounding, and overflow behavior."
RT-029,Arithmetic review,MEDIUM,OPEN — MANUAL REVIEW,programs/treasury-router/src/engines/integrity_firewall.rs,368,unchecked plus,Potential unchecked arithmetic expression detected.,for right in (left + 1)..destination_keys.len() {,"Test maximum values, zero values, rounding, and overflow behavior."
RT-036,Arithmetic review,MEDIUM,OPEN — MANUAL REVIEW,programs/treasury-router/src/engines/release.rs,18,unchecked minus,Potential unchecked arithmetic expression detected.,/// Applies the accounting transition for an already-authorized treasury release.,"Test maximum values, zero values, rounding, and overflow behavior."
RT-040,Arithmetic review,MEDIUM,OPEN — MANUAL REVIEW,programs/treasury-router/src/engines/sentinel.rs,32,unchecked minus,Potential unchecked arithmetic expression detected.,/// Read-only protocol integrity report.,"Test maximum values, zero values, rounding, and overflow behavior."
RT-048,Arithmetic review,MEDIUM,OPEN — MANUAL REVIEW,programs/treasury-router/src/engines/sentinel.rs,106,unchecked multiply,Potential unchecked arithmetic expression detected.,* This explicit match is intentionally exhaustive. Adding a new stage,"Test maximum values, zero values, rounding, and overflow behavior."
RT-049,Arithmetic review,MEDIUM,OPEN — MANUAL REVIEW,programs/treasury-router/src/engines/sentinel.rs,138,unchecked multiply,Potential unchecked arithmetic expression detected.,"* A Dam may never permit more than 100% release, and the reported rate","Test maximum values, zero values, rounding, and overflow behavior."
RT-050,Arithmetic review,MEDIUM,OPEN — MANUAL REVIEW,programs/treasury-router/src/engines/sentinel.rs,149,unchecked multiply,Potential unchecked arithmetic expression detected.,* The Dam evaluation must retain the exact Waterfall stage supplied to it.,"Test maximum values, zero values, rounding, and overflow behavior."
RT-062,Arithmetic review,MEDIUM,OPEN — MANUAL REVIEW,programs/treasury-router/src/engines/waterfall.rs,8,unchecked minus,Potential unchecked arithmetic expression detected.,"/// The stored u8 values are part of the on-chain protocol interface,","Test maximum values, zero values, rounding, and overflow behavior."
RT-064,Arithmetic review,MEDIUM,OPEN — MANUAL REVIEW,programs/treasury-router/src/engines/waterfall.rs,76,unchecked divide,Potential unchecked arithmetic expression detected.,/// pending_reserve / total_pending,"Test maximum values, zero values, rounding, and overflow behavior."
RT-065,Arithmetic review,MEDIUM,OPEN — MANUAL REVIEW,programs/treasury-router/src/errors/mod.rs,20,unchecked minus,Potential unchecked arithmetic expression detected.,"#[msg(""The supplied settlement-token vault is invalid."")]","Test maximum values, zero values, rounding, and overflow behavior."
RT-066,Arithmetic review,MEDIUM,OPEN — MANUAL REVIEW,programs/treasury-router/src/errors/mod.rs,23,unchecked minus,Potential unchecked arithmetic expression detected.,"#[msg(""The settlement-token deposit amount must be greater than zero."")]","Test maximum values, zero values, rounding, and overflow behavior."
RT-067,Arithmetic review,MEDIUM,OPEN — MANUAL REVIEW,programs/treasury-router/src/errors/mod.rs,26,unchecked minus,Potential unchecked arithmetic expression detected.,"#[msg(""There are no unprocessed settlement-token fees in the treasury vault."")]","Test maximum values, zero values, rounding, and overflow behavior."
RT-068,Arithmetic review,MEDIUM,OPEN — MANUAL REVIEW,programs/treasury-router/src/errors/mod.rs,41,unchecked minus,Potential unchecked arithmetic expression detected.,"#[msg(""The founder accounting-period cap must be greater than zero."")]","Test maximum values, zero values, rounding, and overflow behavior."
RT-069,Arithmetic review,MEDIUM,OPEN — MANUAL REVIEW,programs/treasury-router/src/errors/mod.rs,44,unchecked minus,Potential unchecked arithmetic expression detected.,"#[msg(""The founder accounting-period duration must be greater than zero."")]","Test maximum values, zero values, rounding, and overflow behavior."
RT-070,Arithmetic review,MEDIUM,OPEN — MANUAL REVIEW,programs/treasury-router/src/errors/mod.rs,53,unchecked minus,Potential unchecked arithmetic expression detected.,"#[msg(""The company accounting-period cap must be greater than zero."")]","Test maximum values, zero values, rounding, and overflow behavior."
RT-071,Arithmetic review,MEDIUM,OPEN — MANUAL REVIEW,programs/treasury-router/src/errors/mod.rs,56,unchecked minus,Potential unchecked arithmetic expression detected.,"#[msg(""The company accounting-period duration must be greater than zero."")]","Test maximum values, zero values, rounding, and overflow behavior."
RT-072,Arithmetic review,MEDIUM,OPEN — MANUAL REVIEW,programs/treasury-router/src/errors/mod.rs,88,unchecked minus,Potential unchecked arithmetic expression detected.,"#[msg(""Invalid settlement-token execution destination"")]","Test maximum values, zero values, rounding, and overflow behavior."
RT-073,Arithmetic review,MEDIUM,OPEN — MANUAL REVIEW,programs/treasury-router/src/events/mod.rs,47,unchecked minus,Potential unchecked arithmetic expression detected.,/// The settlement-token transfer and accounting update occur atomically.,"Test maximum values, zero values, rounding, and overflow behavior."
RT-074,Arithmetic review,MEDIUM,OPEN — MANUAL REVIEW,programs/treasury-router/src/events/mod.rs,68,unchecked minus,Potential unchecked arithmetic expression detected.,/// Founder caps are enforced during fee processing. The settlement-token,"Test maximum values, zero values, rounding, and overflow behavior."
RT-075,Arithmetic review,MEDIUM,OPEN — MANUAL REVIEW,programs/treasury-router/src/events/mod.rs,69,unchecked minus,Potential unchecked arithmetic expression detected.,/// transfer and treasury execution-accounting update occur atomically.,"Test maximum values, zero values, rounding, and overflow behavior."
RT-076,Arithmetic review,MEDIUM,OPEN — MANUAL REVIEW,programs/treasury-router/src/events/mod.rs,94,unchecked minus,Potential unchecked arithmetic expression detected.,/// Company caps are enforced during fee processing. The settlement-token,"Test maximum values, zero values, rounding, and overflow behavior."
RT-077,Arithmetic review,MEDIUM,OPEN — MANUAL REVIEW,programs/treasury-router/src/events/mod.rs,95,unchecked minus,Potential unchecked arithmetic expression detected.,/// transfer and treasury execution-accounting update occur atomically.,"Test maximum values, zero values, rounding, and overflow behavior."
RT-078,Arithmetic review,MEDIUM,OPEN — MANUAL REVIEW,programs/treasury-router/src/instructions/buyback.rs,120,unchecked minus,Potential unchecked arithmetic expression detected.,/// Settlement-token account used for the future buyback execution pipeline.,"Test maximum values, zero values, rounding, and overflow behavior."
RT-079,Arithmetic review,MEDIUM,OPEN — MANUAL REVIEW,programs/treasury-router/src/instructions/buyback.rs,133,unchecked minus,Potential unchecked arithmetic expression detected.,/// Permanent reserve destination supplied read-only to the firewall.,"Test maximum values, zero values, rounding, and overflow behavior."
RT-080,Arithmetic review,MEDIUM,OPEN — MANUAL REVIEW,programs/treasury-router/src/instructions/buyback.rs,143,unchecked minus,Potential unchecked arithmetic expression detected.,/// Permanent liquidity destination supplied read-only to the firewall.,"Test maximum values, zero values, rounding, and overflow behavior."
RT-081,Arithmetic review,MEDIUM,OPEN — MANUAL REVIEW,programs/treasury-router/src/instructions/buyback.rs,153,unchecked minus,Potential unchecked arithmetic expression detected.,/// Permanent company destination supplied read-only to the firewall.,"Test maximum values, zero values, rounding, and overflow behavior."
RT-082,Arithmetic review,MEDIUM,OPEN — MANUAL REVIEW,programs/treasury-router/src/instructions/buyback.rs,165,unchecked minus,Potential unchecked arithmetic expression detected.,/// Permanent founder destination supplied read-only to the firewall.,"Test maximum values, zero values, rounding, and overflow behavior."
RT-083,Arithmetic review,MEDIUM,OPEN — MANUAL REVIEW,programs/treasury-router/src/instructions/buyback.rs,182,unchecked minus,Potential unchecked arithmetic expression detected.,/// Releases previously allocated buyback-and-burn funds.,"Test maximum values, zero values, rounding, and overflow behavior."
RT-084,Arithmetic review,MEDIUM,OPEN — MANUAL REVIEW,programs/treasury-router/src/instructions/buyback.rs,187,unchecked minus,Potential unchecked arithmetic expression detected.,/// - decreases pending buyback-and-burn accounting;,"Test maximum values, zero values, rounding, and overflow behavior."
RT-085,Arithmetic review,MEDIUM,OPEN — MANUAL REVIEW,programs/treasury-router/src/instructions/buyback.rs,188,unchecked minus,Potential unchecked arithmetic expression detected.,/// - increases released buyback-and-burn accounting.,"Test maximum values, zero values, rounding, and overflow behavior."
RT-086,Arithmetic review,MEDIUM,OPEN — MANUAL REVIEW,programs/treasury-router/src/instructions/buyback.rs,311,unchecked minus,Potential unchecked arithmetic expression detected.,"msg!(""Buyback settlement-token execution completed"");","Test maximum values, zero values, rounding, and overflow behavior."
RT-087,Arithmetic review,MEDIUM,OPEN — MANUAL REVIEW,programs/treasury-router/src/instructions/company.rs,84,unchecked minus,Potential unchecked arithmetic expression detected.,/// Settlement-token account controlled by the configured company recipient.,"Test maximum values, zero values, rounding, and overflow behavior."
RT-088,Arithmetic review,MEDIUM,OPEN — MANUAL REVIEW,programs/treasury-router/src/instructions/company.rs,106,unchecked minus,Potential unchecked arithmetic expression detected.,/// Company period-cap enforcement occurs during fee processing when funds are,"Test maximum values, zero values, rounding, and overflow behavior."
RT-089,Arithmetic review,MEDIUM,OPEN — MANUAL REVIEW,programs/treasury-router/src/instructions/company.rs,110,unchecked minus,Potential unchecked arithmetic expression detected.,/// The settlement-token transfer and treasury accounting update are atomic.,"Test maximum values, zero values, rounding, and overflow behavior."
RT-090,Arithmetic review,MEDIUM,OPEN — MANUAL REVIEW,programs/treasury-router/src/instructions/company.rs,172,unchecked minus,Potential unchecked arithmetic expression detected.,"msg!(""Company settlement-token execution completed"");","Test maximum values, zero values, rounding, and overflow behavior."
RT-091,Arithmetic review,MEDIUM,OPEN — MANUAL REVIEW,programs/treasury-router/src/instructions/deposit_settlement.rs,88,unchecked minus,Potential unchecked arithmetic expression detected.,"msg!(""Settlement-token deposit completed"");","Test maximum values, zero values, rounding, and overflow behavior."
RT-092,Arithmetic review,MEDIUM,OPEN — MANUAL REVIEW,programs/treasury-router/src/instructions/founder.rs,84,unchecked minus,Potential unchecked arithmetic expression detected.,/// Settlement-token account controlled by the configured founder recipient.,"Test maximum values, zero values, rounding, and overflow behavior."
RT-093,Arithmetic review,MEDIUM,OPEN — MANUAL REVIEW,programs/treasury-router/src/instructions/founder.rs,106,unchecked minus,Potential unchecked arithmetic expression detected.,/// Founder period-cap enforcement occurs while fees are processed and credited,"Test maximum values, zero values, rounding, and overflow behavior."
RT-094,Arithmetic review,MEDIUM,OPEN — MANUAL REVIEW,programs/treasury-router/src/instructions/founder.rs,110,unchecked minus,Potential unchecked arithmetic expression detected.,/// The settlement-token transfer and treasury accounting update are atomic.,"Test maximum values, zero values, rounding, and overflow behavior."
RT-095,Arithmetic review,MEDIUM,OPEN — MANUAL REVIEW,programs/treasury-router/src/instructions/founder.rs,172,unchecked minus,Potential unchecked arithmetic expression detected.,"msg!(""Founder settlement-token execution completed"");","Test maximum values, zero values, rounding, and overflow behavior."
RT-096,Arithmetic review,MEDIUM,OPEN — MANUAL REVIEW,programs/treasury-router/src/instructions/initialize_treasury.rs,38,unchecked minus,Potential unchecked arithmetic expression detected.,/// Treasury-owned SPL token vault for the settlement mint.,"Test maximum values, zero values, rounding, and overflow behavior."
RT-097,Arithmetic review,MEDIUM,OPEN — MANUAL REVIEW,programs/treasury-router/src/instructions/liquidity.rs,120,unchecked minus,Potential unchecked arithmetic expression detected.,/// Settlement-token account used for liquidity deployment.,"Test maximum values, zero values, rounding, and overflow behavior."
RT-098,Arithmetic review,MEDIUM,OPEN — MANUAL REVIEW,programs/treasury-router/src/instructions/liquidity.rs,133,unchecked minus,Potential unchecked arithmetic expression detected.,/// Permanent reserve destination supplied read-only to the firewall.,"Test maximum values, zero values, rounding, and overflow behavior."
RT-099,Arithmetic review,MEDIUM,OPEN — MANUAL REVIEW,programs/treasury-router/src/instructions/liquidity.rs,143,unchecked minus,Potential unchecked arithmetic expression detected.,/// Permanent buyback destination supplied read-only to the firewall.,"Test maximum values, zero values, rounding, and overflow behavior."
RT-100,Arithmetic review,MEDIUM,OPEN — MANUAL REVIEW,programs/treasury-router/src/instructions/liquidity.rs,153,unchecked minus,Potential unchecked arithmetic expression detected.,/// Permanent company destination supplied read-only to the firewall.,"Test maximum values, zero values, rounding, and overflow behavior."
RT-101,Arithmetic review,MEDIUM,OPEN — MANUAL REVIEW,programs/treasury-router/src/instructions/liquidity.rs,165,unchecked minus,Potential unchecked arithmetic expression detected.,/// Permanent founder destination supplied read-only to the firewall.,"Test maximum values, zero values, rounding, and overflow behavior."
RT-102,Arithmetic review,MEDIUM,OPEN — MANUAL REVIEW,programs/treasury-router/src/instructions/liquidity.rs,304,unchecked minus,Potential unchecked arithmetic expression detected.,"msg!(""Liquidity settlement-token execution completed"");","Test maximum values, zero values, rounding, and overflow behavior."
RT-103,Arithmetic review,MEDIUM,OPEN — MANUAL REVIEW,programs/treasury-router/src/instructions/liquidity.rs,352,unchecked minus,Potential unchecked arithmetic expression detected.,"msg!(""No external swap or liquidity-pool CPI was performed"");","Test maximum values, zero values, rounding, and overflow behavior."
RT-104,Arithmetic review,MEDIUM,OPEN — MANUAL REVIEW,programs/treasury-router/src/instructions/process_fees.rs,91,unchecked minus,Potential unchecked arithmetic expression detected.,"// canonical protocol linkage, and lifetime-allocation conservation.","Test maximum values, zero values, rounding, and overflow behavior."
RT-105,Arithmetic review,MEDIUM,OPEN — MANUAL REVIEW,programs/treasury-router/src/instructions/process_fees.rs,176,unchecked minus,Potential unchecked arithmetic expression detected.,// Re-run both Sentinel layers after every state mutation. A failed,"Test maximum values, zero values, rounding, and overflow behavior."
RT-106,Arithmetic review,MEDIUM,OPEN — MANUAL REVIEW,programs/treasury-router/src/instructions/process_fees.rs,201,unchecked minus,Potential unchecked arithmetic expression detected.,"""Pre-allocation Waterfall stage: {} ({})"",","Test maximum values, zero values, rounding, and overflow behavior."
RT-118,Arithmetic review,MEDIUM,OPEN — MANUAL REVIEW,programs/treasury-router/src/instructions/process_fees.rs,207,unchecked divide,Potential unchecked arithmetic expression detected.,"""Adaptive allocation BPS R/B/L/C/F: {}/{}/{}/{}/{}"",","Test maximum values, zero values, rounding, and overflow behavior."
RT-119,Arithmetic review,MEDIUM,OPEN — MANUAL REVIEW,programs/treasury-router/src/instructions/process_fees.rs,207,unchecked divide,Potential unchecked arithmetic expression detected.,"""Adaptive allocation BPS R/B/L/C/F: {}/{}/{}/{}/{}"",","Test maximum values, zero values, rounding, and overflow behavior."
RT-107,Arithmetic review,MEDIUM,OPEN — MANUAL REVIEW,programs/treasury-router/src/instructions/process_fees.rs,238,unchecked minus,Potential unchecked arithmetic expression detected.,"""Buyback-and-burn allocation deposited: {}"",","Test maximum values, zero values, rounding, and overflow behavior."
RT-108,Arithmetic review,MEDIUM,OPEN — MANUAL REVIEW,programs/treasury-router/src/instructions/process_fees.rs,243,unchecked minus,Potential unchecked arithmetic expression detected.,"""Pending buyback-and-burn balance: {}"",","Test maximum values, zero values, rounding, and overflow behavior."
RT-109,Arithmetic review,MEDIUM,OPEN — MANUAL REVIEW,programs/treasury-router/src/instructions/process_fees.rs,248,unchecked minus,Potential unchecked arithmetic expression detected.,"""Lifetime buyback-and-burn allocation: {}"",","Test maximum values, zero values, rounding, and overflow behavior."
RT-110,Arithmetic review,MEDIUM,OPEN — MANUAL REVIEW,programs/treasury-router/src/instructions/process_fees.rs,306,unchecked minus,Potential unchecked arithmetic expression detected.,"""Pre-Dam Health Score: {} / {}"",","Test maximum values, zero values, rounding, and overflow behavior."
RT-111,Arithmetic review,MEDIUM,OPEN — MANUAL REVIEW,programs/treasury-router/src/instructions/process_fees.rs,362,unchecked minus,Potential unchecked arithmetic expression detected.,/// Deterministic result of one successful Beavernomics fee-processing cycle.,"Test maximum values, zero values, rounding, and overflow behavior."
RT-112,Arithmetic review,MEDIUM,OPEN — MANUAL REVIEW,programs/treasury-router/src/instructions/process_fees.rs,364,unchecked minus,Potential unchecked arithmetic expression detected.,"/// Account validation, vault-balance discovery, protocol pause enforcement,","Test maximum values, zero values, rounding, and overflow behavior."
RT-113,Arithmetic review,MEDIUM,OPEN — MANUAL REVIEW,programs/treasury-router/src/instructions/process_fees.rs,387,unchecked minus,Potential unchecked arithmetic expression detected.,/// Applies one complete production fee-allocation state transition.,"Test maximum values, zero values, rounding, and overflow behavior."
RT-120,Arithmetic review,MEDIUM,OPEN — MANUAL REVIEW,programs/treasury-router/src/instructions/reserve.rs,120,unchecked minus,Potential unchecked arithmetic expression detected.,/// Reserve-controlled settlement-token account receiving the release.,"Test maximum values, zero values, rounding, and overflow behavior."
RT-121,Arithmetic review,MEDIUM,OPEN — MANUAL REVIEW,programs/treasury-router/src/instructions/reserve.rs,120,unchecked minus,Potential unchecked arithmetic expression detected.,/// Reserve-controlled settlement-token account receiving the release.,"Test maximum values, zero values, rounding, and overflow behavior."
RT-122,Arithmetic review,MEDIUM,OPEN — MANUAL REVIEW,programs/treasury-router/src/instructions/reserve.rs,133,unchecked minus,Potential unchecked arithmetic expression detected.,/// Permanent buyback destination supplied read-only to the firewall.,"Test maximum values, zero values, rounding, and overflow behavior."
RT-123,Arithmetic review,MEDIUM,OPEN — MANUAL REVIEW,programs/treasury-router/src/instructions/reserve.rs,143,unchecked minus,Potential unchecked arithmetic expression detected.,/// Permanent liquidity destination supplied read-only to the firewall.,"Test maximum values, zero values, rounding, and overflow behavior."
RT-124,Arithmetic review,MEDIUM,OPEN — MANUAL REVIEW,programs/treasury-router/src/instructions/reserve.rs,153,unchecked minus,Potential unchecked arithmetic expression detected.,/// Permanent company destination supplied read-only to the firewall.,"Test maximum values, zero values, rounding, and overflow behavior."
RT-125,Arithmetic review,MEDIUM,OPEN — MANUAL REVIEW,programs/treasury-router/src/instructions/reserve.rs,165,unchecked minus,Potential unchecked arithmetic expression detected.,/// Permanent founder destination supplied read-only to the firewall.,"Test maximum values, zero values, rounding, and overflow behavior."
RT-126,Arithmetic review,MEDIUM,OPEN — MANUAL REVIEW,programs/treasury-router/src/instructions/reserve.rs,307,unchecked minus,Potential unchecked arithmetic expression detected.,"msg!(""Reserve settlement-token execution completed"");","Test maximum values, zero values, rounding, and overflow behavior."
RT-127,Arithmetic review,MEDIUM,OPEN — MANUAL REVIEW,programs/treasury-router/src/state/execution_config.rs,3,unchecked minus,Potential unchecked arithmetic expression detected.,/// Immutable routing configuration for all protocol-controlled executions.,"Test maximum values, zero values, rounding, and overflow behavior."
RT-128,Arithmetic review,MEDIUM,OPEN — MANUAL REVIEW,programs/treasury-router/src/state/execution_config.rs,13,unchecked minus,Potential unchecked arithmetic expression detected.,/// Settlement-token mint accepted by every configured destination.,"Test maximum values, zero values, rounding, and overflow behavior."
RT-129,Arithmetic review,MEDIUM,OPEN — MANUAL REVIEW,programs/treasury-router/src/state/execution_config.rs,25,unchecked divide,Potential unchecked arithmetic expression detected.,/// Permanent destination for Company/Operations funding.,"Test maximum values, zero values, rounding, and overflow behavior."
RT-131,Arithmetic review,MEDIUM,OPEN — MANUAL REVIEW,programs/treasury-router/src/state/treasury.rs,37,unchecked minus,Potential unchecked arithmetic expression detected.,/// Lifetime settlement-token amounts actually released from the treasury.,"Test maximum values, zero values, rounding, and overflow behavior."
RT-132,Arithmetic review,MEDIUM,OPEN — MANUAL REVIEW,programs/treasury-router/src/state/treasury.rs,44,unchecked minus,Potential unchecked arithmetic expression detected.,/// Last successful fee-processing timestamp.,"Test maximum values, zero values, rounding, and overflow behavior."
RT-134,Arithmetic review,MEDIUM,OPEN — MANUAL REVIEW,programs/treasury-router/src/state/treasury.rs,69,unchecked divide,Potential unchecked arithmetic expression detected.,(19 * 8) + // u64/i64 accounting fields,"Test maximum values, zero values, rounding, and overflow behavior."
RT-133,Arithmetic review,MEDIUM,OPEN — MANUAL REVIEW,programs/treasury-router/src/state/treasury.rs,75,unchecked minus,Potential unchecked arithmetic expression detected.,/// Validates one accounting bucket using fail-closed checked arithmetic.,"Test maximum values, zero values, rounding, and overflow behavior."
RT-130,Arithmetic review,MEDIUM,OPEN — MANUAL REVIEW,programs/treasury-router/src/state/treasury.rs,79,unchecked plus,Potential unchecked arithmetic expression detected.,/// lifetime == pending + released,"Test maximum values, zero values, rounding, and overflow behavior."
RT-011,Arithmetic review,LOW,REVIEW — LIKELY TEST CODE,programs/treasury-router/src/engines/beaver_score.rs,333,unchecked plus,Potential unchecked arithmetic expression detected.,"assert_eq!(score, WATERFALL_MAX_POINTS + RESERVE_MAX_POINTS + 50);","Test maximum values, zero values, rounding, and overflow behavior."
RT-027,Arithmetic review,LOW,REVIEW — LIKELY TEST CODE,programs/treasury-router/src/engines/execution_guard.rs,534,unchecked minus,Potential unchecked arithmetic expression detected.,// The Adaptive Dam tightens this Caution-stage fixture to,"Test maximum values, zero values, rounding, and overflow behavior."
RT-023,Arithmetic review,LOW,REVIEW — LIKELY TEST CODE,programs/treasury-router/src/engines/execution_guard.rs,597,unchecked plus,Potential unchecked arithmetic expression detected.,// Lifetime must equal pending + released.,"Test maximum values, zero values, rounding, and overflow behavior."
RT-033,Arithmetic review,LOW,REVIEW — LIKELY TEST CODE,programs/treasury-router/src/engines/release.rs,330,unchecked plus,Potential unchecked arithmetic expression detected.,// The pre-existing state is itself invalid because pending + released,"Test maximum values, zero values, rounding, and overflow behavior."
RT-037,Arithmetic review,LOW,REVIEW — LIKELY TEST CODE,programs/treasury-router/src/engines/release.rs,330,unchecked minus,Potential unchecked arithmetic expression detected.,// The pre-existing state is itself invalid because pending + released,"Test maximum values, zero values, rounding, and overflow behavior."
RT-034,Arithmetic review,LOW,REVIEW — LIKELY TEST CODE,programs/treasury-router/src/engines/release.rs,439,unchecked plus,Potential unchecked arithmetic expression detected.,"""every bucket must satisfy lifetime = pending + released"",","Test maximum values, zero values, rounding, and overflow behavior."
RT-035,Arithmetic review,LOW,REVIEW — LIKELY TEST CODE,programs/treasury-router/src/engines/release.rs,477,unchecked plus,Potential unchecked arithmetic expression detected.,"collect_release_permutations(buckets, index + 1, permutations);","Test maximum values, zero values, rounding, and overflow behavior."
RT-038,Arithmetic review,LOW,REVIEW — LIKELY TEST CODE,programs/treasury-router/src/engines/release.rs,539,unchecked minus,Potential unchecked arithmetic expression detected.,"""release must not alter received-fee accounting"",","Test maximum values, zero values, rounding, and overflow behavior."
RT-039,Arithmetic review,LOW,REVIEW — LIKELY TEST CODE,programs/treasury-router/src/engines/release.rs,544,unchecked minus,Potential unchecked arithmetic expression detected.,"""release must not alter allocated-fee accounting"",","Test maximum values, zero values, rounding, and overflow behavior."
RT-051,Arithmetic review,LOW,REVIEW — LIKELY TEST CODE,programs/treasury-router/src/engines/sentinel.rs,281,unchecked multiply,Potential unchecked arithmetic expression detected.,* It receives plain references and verifies that their values remain,"Test maximum values, zero values, rounding, and overflow behavior."
RT-041,Arithmetic review,LOW,REVIEW — LIKELY TEST CODE,programs/treasury-router/src/engines/sentinel.rs,292,unchecked minus,Potential unchecked arithmetic expression detected.,/// Stable Sentinel v2 failure-mask identifiers.,"Test maximum values, zero values, rounding, and overflow behavior."
RT-042,Arithmetic review,LOW,REVIEW — LIKELY TEST CODE,programs/treasury-router/src/engines/sentinel.rs,315,unchecked minus,Potential unchecked arithmetic expression detected.,/// Read-only Sentinel v2 report.,"Test maximum values, zero values, rounding, and overflow behavior."
RT-043,Arithmetic review,LOW,REVIEW — LIKELY TEST CODE,programs/treasury-router/src/engines/sentinel.rs,317,unchecked minus,Potential unchecked arithmetic expression detected.,/// A zero `failure_mask` means every linkage and immutable-configuration,"Test maximum values, zero values, rounding, and overflow behavior."
RT-044,Arithmetic review,LOW,REVIEW — LIKELY TEST CODE,programs/treasury-router/src/engines/sentinel.rs,339,unchecked minus,Potential unchecked arithmetic expression detected.,/// Evaluates immutable configuration and protocol-account linkage.,"Test maximum values, zero values, rounding, and overflow behavior."
RT-052,Arithmetic review,LOW,REVIEW — LIKELY TEST CODE,programs/treasury-router/src/engines/sentinel.rs,354,unchecked multiply,Potential unchecked arithmetic expression detected.,* The configuration and treasury must both point to the same canonical,"Test maximum values, zero values, rounding, and overflow behavior."
RT-053,Arithmetic review,LOW,REVIEW — LIKELY TEST CODE,programs/treasury-router/src/engines/sentinel.rs,372,unchecked multiply,Potential unchecked arithmetic expression detected.,"* Merely totalling 10,000 basis points is insufficient: a corrupted","Test maximum values, zero values, rounding, and overflow behavior."
RT-045,Arithmetic review,LOW,REVIEW — LIKELY TEST CODE,programs/treasury-router/src/engines/sentinel.rs,397,unchecked minus,Potential unchecked arithmetic expression detected.,* Ownership and SPL-token mint checks require actual token-account data,"Test maximum values, zero values, rounding, and overflow behavior."
RT-046,Arithmetic review,LOW,REVIEW — LIKELY TEST CODE,programs/treasury-router/src/engines/sentinel.rs,397,unchecked minus,Potential unchecked arithmetic expression detected.,* Ownership and SPL-token mint checks require actual token-account data,"Test maximum values, zero values, rounding, and overflow behavior."
RT-054,Arithmetic review,LOW,REVIEW — LIKELY TEST CODE,programs/treasury-router/src/engines/sentinel.rs,397,unchecked multiply,Potential unchecked arithmetic expression detected.,* Ownership and SPL-token mint checks require actual token-account data,"Test maximum values, zero values, rounding, and overflow behavior."
RT-047,Arithmetic review,LOW,REVIEW — LIKELY TEST CODE,programs/treasury-router/src/engines/sentinel.rs,398,unchecked minus,Potential unchecked arithmetic expression detected.,* and will be added later through a dedicated account-view verifier.,"Test maximum values, zero values, rounding, and overflow behavior."
RT-055,Arithmetic review,LOW,REVIEW — LIKELY TEST CODE,programs/treasury-router/src/engines/sentinel.rs,413,unchecked multiply,Potential unchecked arithmetic expression detected.,* Every lifetime bucket must add up exactly to the protocol's recorded,"Test maximum values, zero values, rounding, and overflow behavior."
RT-056,Arithmetic review,LOW,REVIEW — LIKELY TEST CODE,programs/treasury-router/src/engines/sentinel.rs,435,unchecked multiply,Potential unchecked arithmetic expression detected.,* In the current accounting design these values should ordinarily be,"Test maximum values, zero values, rounding, and overflow behavior."
RT-057,Arithmetic review,LOW,REVIEW — LIKELY TEST CODE,programs/treasury-router/src/engines/sentinel.rs,436,unchecked multiply,Potential unchecked arithmetic expression detected.,"* equal after successful processing, but <= is the fundamental safety","Test maximum values, zero values, rounding, and overflow behavior."
RT-063,Arithmetic review,LOW,REVIEW — LIKELY TEST CODE,programs/treasury-router/src/engines/waterfall.rs,167,unchecked minus,Potential unchecked arithmetic expression detected.,/// Deterministic fee-allocation profile selected by the Survival Waterfall.,"Test maximum values, zero values, rounding, and overflow behavior."
RT-058,Arithmetic review,LOW,REVIEW — LIKELY TEST CODE,programs/treasury-router/src/engines/waterfall.rs,183,unchecked plus,Potential unchecked arithmetic expression detected.,self.reserve_bps as u32,"Test maximum values, zero values, rounding, and overflow behavior."
RT-059,Arithmetic review,LOW,REVIEW — LIKELY TEST CODE,programs/treasury-router/src/engines/waterfall.rs,184,unchecked plus,Potential unchecked arithmetic expression detected.,+ self.buyback_burn_bps as u32,"Test maximum values, zero values, rounding, and overflow behavior."
RT-060,Arithmetic review,LOW,REVIEW — LIKELY TEST CODE,programs/treasury-router/src/engines/waterfall.rs,185,unchecked plus,Potential unchecked arithmetic expression detected.,+ self.liquidity_bps as u32,"Test maximum values, zero values, rounding, and overflow behavior."
RT-061,Arithmetic review,LOW,REVIEW — LIKELY TEST CODE,programs/treasury-router/src/engines/waterfall.rs,186,unchecked plus,Potential unchecked arithmetic expression detected.,+ self.company_bps as u32,"Test maximum values, zero values, rounding, and overflow behavior."
RT-114,Arithmetic review,LOW,REVIEW — LIKELY TEST CODE,programs/treasury-router/src/instructions/process_fees.rs,683,unchecked minus,Potential unchecked arithmetic expression detected.,let company_overflow = requested_company - actual_company;,"Test maximum values, zero values, rounding, and overflow behavior."
RT-115,Arithmetic review,LOW,REVIEW — LIKELY TEST CODE,programs/treasury-router/src/instructions/process_fees.rs,710,unchecked minus,Potential unchecked arithmetic expression detected.,let founder_overflow = requested_founder - actual_founder;,"Test maximum values, zero values, rounding, and overflow behavior."
RT-116,Arithmetic review,LOW,REVIEW — LIKELY TEST CODE,programs/treasury-router/src/instructions/process_fees.rs,736,unchecked minus,Potential unchecked arithmetic expression detected.,let company_overflow = requested_company - actual_company;,"Test maximum values, zero values, rounding, and overflow behavior."
RT-117,Arithmetic review,LOW,REVIEW — LIKELY TEST CODE,programs/treasury-router/src/instructions/process_fees.rs,740,unchecked minus,Potential unchecked arithmetic expression detected.,let founder_overflow = requested_founder - actual_founder;,"Test maximum values, zero values, rounding, and overflow behavior."
